task,rel_path,result,refinements,wall_s,log
AliasDarteFeautrierGonnord-SAS2010-easy2-2,AliasDarteFeautrierGonnord-SAS2010-easy2-2.c,TRUE,0,4.778,output/vguide/experiments/termination_scalar_300_vguide/logs/AliasDarteFeautrierGonnord-SAS2010-easy2-2.log
AliasDarteFeautrierGonnord-SAS2010-easy1,AliasDarteFeautrierGonnord-SAS2010-easy1.c,TRUE,0,4.919,output/vguide/experiments/termination_scalar_300_vguide/logs/AliasDarteFeautrierGonnord-SAS2010-easy1.log
AliasDarteFeautrierGonnord-SAS2010-cousot9,AliasDarteFeautrierGonnord-SAS2010-cousot9.c,TRUE,0,4.916,output/vguide/experiments/termination_scalar_300_vguide/logs/AliasDarteFeautrierGonnord-SAS2010-cousot9.log
AliasDarteFeautrierGonnord-SAS2010-nestedLoop-1,AliasDarteFeautrierGonnord-SAS2010-nestedLoop-1.c,TRUE,0,5.184,output/vguide/experiments/termination_scalar_300_vguide/logs/AliasDarteFeautrierGonnord-SAS2010-nestedLoop-1.log
AliasDarteFeautrierGonnord-SAS2010-loops,AliasDarteFeautrierGonnord-SAS2010-loops.c,TRUE,0,5.099,output/vguide/experiments/termination_scalar_300_vguide/logs/AliasDarteFeautrierGonnord-SAS2010-loops.log
AliasDarteFeautrierGonnord-SAS2010-Fig1,AliasDarteFeautrierGonnord-SAS2010-Fig1.c,TRUE,0,5.790,output/vguide/experiments/termination_scalar_300_vguide/logs/AliasDarteFeautrierGonnord-SAS2010-Fig1.log
AliasDarteFeautrierGonnord-SAS2010-random1d-2,AliasDarteFeautrierGonnord-SAS2010-random1d-2.c,TRUE,0,1.090,output/vguide/experiments/termination_scalar_300_vguide/logs/AliasDarteFeautrierGonnord-SAS2010-random1d-2.log
AliasDarteFeautrierGonnord-SAS2010-random2d,AliasDarteFeautrierGonnord-SAS2010-random2d.c,TRUE,0,1.414,output/vguide/experiments/termination_scalar_300_vguide/logs/AliasDarteFeautrierGonnord-SAS2010-random2d.log
AliasDarteFeautrierGonnord-SAS2010-speedpldi3,AliasDarteFeautrierGonnord-SAS2010-speedpldi3.c,TRUE,0,1.520,output/vguide/experiments/termination_scalar_300_vguide/logs/AliasDarteFeautrierGonnord-SAS2010-speedpldi3.log
AliasDarteFeautrierGonnord-SAS2010-wcet2,AliasDarteFeautrierGonnord-SAS2010-wcet2.c,TRUE,0,1.124,output/vguide/experiments/termination_scalar_300_vguide/logs/AliasDarteFeautrierGonnord-SAS2010-wcet2.log
AliasDarteFeautrierGonnord-SAS2010-while2,AliasDarteFeautrierGonnord-SAS2010-while2.c,TRUE,0,1.257,output/vguide/experiments/termination_scalar_300_vguide/logs/AliasDarteFeautrierGonnord-SAS2010-while2.log
AliasDarteFeautrierGonnord-SAS2010-wise,AliasDarteFeautrierGonnord-SAS2010-wise.c,TRUE,0,1.079,output/vguide/experiments/termination_scalar_300_vguide/logs/AliasDarteFeautrierGonnord-SAS2010-wise.log
Avery-FLOPS2006-Table1,Avery-FLOPS2006-Table1.c,TRUE,0,1.222,output/vguide/experiments/termination_scalar_300_vguide/logs/Avery-FLOPS2006-Table1.log
AliasDarteFeautrierGonnord-SAS2010-speedpldi2,AliasDarteFeautrierGonnord-SAS2010-speedpldi2.c,UNKNOWN,0,3.382,output/vguide/experiments/termination_scalar_300_vguide/logs/AliasDarteFeautrierGonnord-SAS2010-speedpldi2.log
BradleyMannaSipma-CAV2005-Fig1-modified,BradleyMannaSipma-CAV2005-Fig1-modified.c,FALSE,0,0.865,output/vguide/experiments/termination_scalar_300_vguide/logs/BradleyMannaSipma-CAV2005-Fig1-modified.log
AliasDarteFeautrierGonnord-SAS2010-speedpldi4,AliasDarteFeautrierGonnord-SAS2010-speedpldi4.c,TRUE,0,3.083,output/vguide/experiments/termination_scalar_300_vguide/logs/AliasDarteFeautrierGonnord-SAS2010-speedpldi4.log
BrockschmidtCookFuhs-CAV2013-Introduction,BrockschmidtCookFuhs-CAV2013-Introduction.c,TRUE,0,1.122,output/vguide/experiments/termination_scalar_300_vguide/logs/BrockschmidtCookFuhs-CAV2013-Introduction.log
ChawdharyCookGulwaniSagivYang-ESOP2008-easy2,ChawdharyCookGulwaniSagivYang-ESOP2008-easy2.c,TRUE,0,1.091,output/vguide/experiments/termination_scalar_300_vguide/logs/ChawdharyCookGulwaniSagivYang-ESOP2008-easy2.log
ChawdharyCookGulwaniSagivYang-ESOP2008-easy1,ChawdharyCookGulwaniSagivYang-ESOP2008-easy1.c,TRUE,0,1.280,output/vguide/experiments/termination_scalar_300_vguide/logs/ChawdharyCookGulwaniSagivYang-ESOP2008-easy1.log
BradleyMannaSipma-CAV2005-Fig1,BradleyMannaSipma-CAV2005-Fig1.c,TRUE,0,3.026,output/vguide/experiments/termination_scalar_300_vguide/logs/BradleyMannaSipma-CAV2005-Fig1.log
ChenCookFuhsNimkarOHearn-TACAS2014-Introduction,ChenCookFuhsNimkarOHearn-TACAS2014-Introduction.c,FALSE,0,0.820,output/vguide/experiments/termination_scalar_300_vguide/logs/ChenCookFuhsNimkarOHearn-TACAS2014-Introduction.log
ChawdharyCookGulwaniSagivYang-ESOP2008-random2d,ChawdharyCookGulwaniSagivYang-ESOP2008-random2d.c,TRUE,0,1.159,output/vguide/experiments/termination_scalar_300_vguide/logs/ChawdharyCookGulwaniSagivYang-ESOP2008-random2d.log
ChawdharyCookGulwaniSagivYang-ESOP2008-random1d,ChawdharyCookGulwaniSagivYang-ESOP2008-random1d.c,TRUE,0,1.256,output/vguide/experiments/termination_scalar_300_vguide/logs/ChawdharyCookGulwaniSagivYang-ESOP2008-random1d.log
ChenFlurMukhopadhyay-SAS2012-Ex2.20,ChenFlurMukhopadhyay-SAS2012-Ex2.20.c,TRUE,0,0.907,output/vguide/experiments/termination_scalar_300_vguide/logs/ChenFlurMukhopadhyay-SAS2012-Ex2.20.log
ChenFlurMukhopadhyay-SAS2012-Ex3.01,ChenFlurMukhopadhyay-SAS2012-Ex3.01.c,TRUE,0,1.122,output/vguide/experiments/termination_scalar_300_vguide/logs/ChenFlurMukhopadhyay-SAS2012-Ex3.01.log
CookSeeZuleger-TACAS2013-Fig1,CookSeeZuleger-TACAS2013-Fig1.c,TRUE,0,1.285,output/vguide/experiments/termination_scalar_300_vguide/logs/CookSeeZuleger-TACAS2013-Fig1.log
BrockschmidtCookFuhs-CAV2013-Fig9a,BrockschmidtCookFuhs-CAV2013-Fig9a.c,TRUE,0,4.626,output/vguide/experiments/termination_scalar_300_vguide/logs/BrockschmidtCookFuhs-CAV2013-Fig9a.log
CookSeeZuleger-TACAS2013-Fig7a,CookSeeZuleger-TACAS2013-Fig7a.c,TRUE,0,1.587,output/vguide/experiments/termination_scalar_300_vguide/logs/CookSeeZuleger-TACAS2013-Fig7a.log
CookSeeZuleger-TACAS2013-Fig8a-modified,CookSeeZuleger-TACAS2013-Fig8a-modified.c,TRUE,0,1.256,output/vguide/experiments/termination_scalar_300_vguide/logs/CookSeeZuleger-TACAS2013-Fig8a-modified.log
CookSeeZuleger-TACAS2013-Fig7b,CookSeeZuleger-TACAS2013-Fig7b.c,TRUE,0,1.661,output/vguide/experiments/termination_scalar_300_vguide/logs/CookSeeZuleger-TACAS2013-Fig7b.log
CookSeeZuleger-TACAS2013-Fig8a,CookSeeZuleger-TACAS2013-Fig8a.c,TRUE,0,1.128,output/vguide/experiments/termination_scalar_300_vguide/logs/CookSeeZuleger-TACAS2013-Fig8a.log
HeizmannHoenickeLeikePodelski-ATVA2013-Fig1,HeizmannHoenickeLeikePodelski-ATVA2013-Fig1.c,TRUE,0,0.928,output/vguide/experiments/termination_scalar_300_vguide/logs/HeizmannHoenickeLeikePodelski-ATVA2013-Fig1.log
HarrisLalNoriRajamani-SAS2010-Fig3,HarrisLalNoriRajamani-SAS2010-Fig3.c,TRUE,0,0.959,output/vguide/experiments/termination_scalar_300_vguide/logs/HarrisLalNoriRajamani-SAS2010-Fig3.log
HeizmannHoenickeLeikePodelski-ATVA2013-Fig4,HeizmannHoenickeLeikePodelski-ATVA2013-Fig4.c,TRUE,0,0.952,output/vguide/experiments/termination_scalar_300_vguide/logs/HeizmannHoenickeLeikePodelski-ATVA2013-Fig4.log
CookSeeZuleger-TACAS2013-Fig8b,CookSeeZuleger-TACAS2013-Fig8b.c,UNKNOWN,0,3.484,output/vguide/experiments/termination_scalar_300_vguide/logs/CookSeeZuleger-TACAS2013-Fig8b.log
HarrisLalNoriRajamani-SAS2010-Fig1,HarrisLalNoriRajamani-SAS2010-Fig1.c,TRUE,0,2.477,output/vguide/experiments/termination_scalar_300_vguide/logs/HarrisLalNoriRajamani-SAS2010-Fig1.log
HeizmannHoenickeLeikePodelski-ATVA2013-Fig6,HeizmannHoenickeLeikePodelski-ATVA2013-Fig6.c,TRUE,0,1.099,output/vguide/experiments/termination_scalar_300_vguide/logs/HeizmannHoenickeLeikePodelski-ATVA2013-Fig6.log
HenzingerJhalaMajumdarSutre-POPL2002-LockingExample,HenzingerJhalaMajumdarSutre-POPL2002-LockingExample.c,UNKNOWN,0,300.000,output/vguide/experiments/termination_scalar_300_vguide/logs/HenzingerJhalaMajumdarSutre-POPL2002-LockingExample.log
KroeningSharyginaTsitovichWintersteiger-CAV2010-Ex,KroeningSharyginaTsitovichWintersteiger-CAV2010-Ex.c,TRUE,0,0.954,output/vguide/experiments/termination_scalar_300_vguide/logs/KroeningSharyginaTsitovichWintersteiger-CAV2010-Ex.log
HeizmannHoenickeLeikePodelski-ATVA2013-Fig5,HeizmannHoenickeLeikePodelski-ATVA2013-Fig5.c,UNKNOWN,0,3.836,output/vguide/experiments/termination_scalar_300_vguide/logs/HeizmannHoenickeLeikePodelski-ATVA2013-Fig5.log
LeeJonesBen-Amram-POPL2001-Ex4,LeeJonesBen-Amram-POPL2001-Ex4.c,UNKNOWN,0,0.666,output/vguide/experiments/termination_scalar_300_vguide/logs/LeeJonesBen-Amram-POPL2001-Ex4.log
LeeJonesBen-Amram-POPL2001-Ex5,LeeJonesBen-Amram-POPL2001-Ex5.c,UNKNOWN,0,0.785,output/vguide/experiments/termination_scalar_300_vguide/logs/LeeJonesBen-Amram-POPL2001-Ex5.log
LeikeHeizmann-TACAS2014-Ex1,LeikeHeizmann-TACAS2014-Ex1.c,TRUE,0,1.085,output/vguide/experiments/termination_scalar_300_vguide/logs/LeikeHeizmann-TACAS2014-Ex1.log
KroeningSharyginaTsitovichWintersteiger-CAV2010-Fig1,KroeningSharyginaTsitovichWintersteiger-CAV2010-Fig1.c,UNKNOWN,0,3.110,output/vguide/experiments/termination_scalar_300_vguide/logs/KroeningSharyginaTsitovichWintersteiger-CAV2010-Fig1.log
LeikeHeizmann-TACAS2014-Ex9,LeikeHeizmann-TACAS2014-Ex9.c,TRUE,0,1.016,output/vguide/experiments/termination_scalar_300_vguide/logs/LeikeHeizmann-TACAS2014-Ex9.log
PodelskiRybalchenko-LICS2004-Fig1,PodelskiRybalchenko-LICS2004-Fig1.c,TRUE,0,1.300,output/vguide/experiments/termination_scalar_300_vguide/logs/PodelskiRybalchenko-LICS2004-Fig1.log
PodelskiRybalchenko-TACAS2011-Fig1,PodelskiRybalchenko-TACAS2011-Fig1.c,TRUE,0,0.971,output/vguide/experiments/termination_scalar_300_vguide/logs/PodelskiRybalchenko-TACAS2011-Fig1.log
PodelskiRybalchenko-TACAS2011-Fig2,PodelskiRybalchenko-TACAS2011-Fig2.c,TRUE,0,1.133,output/vguide/experiments/termination_scalar_300_vguide/logs/PodelskiRybalchenko-TACAS2011-Fig2.log
PodelskiRybalchenko-TACAS2011-Fig4,PodelskiRybalchenko-TACAS2011-Fig4.c,TRUE,0,1.179,output/vguide/experiments/termination_scalar_300_vguide/logs/PodelskiRybalchenko-TACAS2011-Fig4.log
LeikeHeizmann-WST2014-Ex9,LeikeHeizmann-WST2014-Ex9.c,TRUE,0,3.904,output/vguide/experiments/termination_scalar_300_vguide/logs/LeikeHeizmann-WST2014-Ex9.log
Urban-WST2013-Fig1,Urban-WST2013-Fig1.c,FALSE,0,0.737,output/vguide/experiments/termination_scalar_300_vguide/logs/Urban-WST2013-Fig1.log
Urban-WST2013-Fig2,Urban-WST2013-Fig2.c,TRUE,0,1.408,output/vguide/experiments/termination_scalar_300_vguide/logs/Urban-WST2013-Fig2.log
UrbanMine-ESOP2014-Fig3,UrbanMine-ESOP2014-Fig3.c,TRUE,0,1.416,output/vguide/experiments/termination_scalar_300_vguide/logs/UrbanMine-ESOP2014-Fig3.log
Velroyen,Velroyen.c,FALSE,0,0.742,output/vguide/experiments/termination_scalar_300_vguide/logs/Velroyen.log
cstrcmp,cstrcmp.c,UNKNOWN,0,0.907,output/vguide/experiments/termination_scalar_300_vguide/logs/cstrcmp.log
aviad,aviad.c,TRUE,0,2.050,output/vguide/experiments/termination_scalar_300_vguide/logs/aviad.log
cstrlen,cstrlen.c,UNKNOWN,0,1.024,output/vguide/experiments/termination_scalar_300_vguide/logs/cstrlen.log
cstrcspn,cstrcspn.c,UNKNOWN,0,1.464,output/vguide/experiments/termination_scalar_300_vguide/logs/cstrcspn.log
cstrpbrk,cstrpbrk.c,UNKNOWN,0,1.560,output/vguide/experiments/termination_scalar_300_vguide/logs/cstrpbrk.log
cstrspn,cstrspn.c,UNKNOWN,0,1.502,output/vguide/experiments/termination_scalar_300_vguide/logs/cstrspn.log
genady,genady.c,TRUE,0,0.943,output/vguide/experiments/termination_scalar_300_vguide/logs/genady.log
strchr-2,strchr-2.c,UNKNOWN,0,1.049,output/vguide/experiments/termination_scalar_300_vguide/logs/strchr-2.log
2Nested-1,2Nested-1.c,TRUE,0,1.460,output/vguide/experiments/termination_scalar_300_vguide/logs/2Nested-1.log
4BitCounterPointer,4BitCounterPointer.c,UNKNOWN,0,1.658,output/vguide/experiments/termination_scalar_300_vguide/logs/4BitCounterPointer.log
Ackermann-2,Ackermann-2.c,UNKNOWN,0,0.620,output/vguide/experiments/termination_scalar_300_vguide/logs/Ackermann-2.log
BrockschmidtCookFuhs-CAV2013-Fig1,BrockschmidtCookFuhs-CAV2013-Fig1.c,UNKNOWN,0,284.142,output/vguide/experiments/termination_scalar_300_vguide/logs/BrockschmidtCookFuhs-CAV2013-Fig1.log
GopanReps-CAV2006-Fig1a,GopanReps-CAV2006-Fig1a.c,UNKNOWN,0,288.526,output/vguide/experiments/termination_scalar_300_vguide/logs/GopanReps-CAV2006-Fig1a.log
LarrazOliverasRodriguez-CarbonellRubio-FMCAD2013-Fig1,LarrazOliverasRodriguez-CarbonellRubio-FMCAD2013-Fig1.c,UNKNOWN,0,288.596,output/vguide/experiments/termination_scalar_300_vguide/logs/LarrazOliverasRodriguez-CarbonellRubio-FMCAD2013-Fig1.log
Bangalore-2,Bangalore-2.c,TRUE,0,0.929,output/vguide/experiments/termination_scalar_300_vguide/logs/Bangalore-2.log
Bangalore_v2,Bangalore_v2.c,FALSE,0,0.697,output/vguide/experiments/termination_scalar_300_vguide/logs/Bangalore_v2.log
Bangalore_v4,Bangalore_v4.c,UNKNOWN,0,2.409,output/vguide/experiments/termination_scalar_300_vguide/logs/Bangalore_v4.log
Benghazi,Benghazi.c,TRUE,0,1.072,output/vguide/experiments/termination_scalar_300_vguide/logs/Benghazi.log
Urban-WST2013-Fig2-modified1000,Urban-WST2013-Fig2-modified1000.c,UNKNOWN,0,292.044,output/vguide/experiments/termination_scalar_300_vguide/logs/Urban-WST2013-Fig2-modified1000.log
Binary_Search-2,Binary_Search-2.c,UNKNOWN,0,0.586,output/vguide/experiments/termination_scalar_300_vguide/logs/Binary_Search-2.log
Cairo,Cairo.c,TRUE,0,0.787,output/vguide/experiments/termination_scalar_300_vguide/logs/Cairo.log
Cairo_step2-1,Cairo_step2-1.c,TRUE,0,0.808,output/vguide/experiments/termination_scalar_300_vguide/logs/Cairo_step2-1.log
Benghazi_nondet-2,Benghazi_nondet-2.c,TRUE,0,6.859,output/vguide/experiments/termination_scalar_300_vguide/logs/Benghazi_nondet-2.log
Cairo_step2-3,Cairo_step2-3.c,FALSE,0,0.891,output/vguide/experiments/termination_scalar_300_vguide/logs/Cairo_step2-3.log
Copenhagen,Copenhagen.c,TRUE,0,0.821,output/vguide/experiments/termination_scalar_300_vguide/logs/Copenhagen.log
Division-2,Division-2.c,FALSE,0,1.135,output/vguide/experiments/termination_scalar_300_vguide/logs/Division-2.log
Gothenburg-1,Gothenburg-1.c,TRUE,0,1.201,output/vguide/experiments/termination_scalar_300_vguide/logs/Gothenburg-1.log
Gothenburg_v2-1,Gothenburg_v2-1.c,TRUE,0,1.004,output/vguide/experiments/termination_scalar_300_vguide/logs/Gothenburg_v2-1.log
Arrays01-EquivalentConstantIndices-1,Arrays01-EquivalentConstantIndices-1.c,UNKNOWN,0,300.000,output/vguide/experiments/termination_scalar_300_vguide/logs/Arrays01-EquivalentConstantIndices-1.log
4NestedWith3Variables-1,4NestedWith3Variables-1.c,UNKNOWN,0,329.694,output/vguide/experiments/termination_scalar_300_vguide/logs/4NestedWith3Variables-1.log
Lobnya-Boolean-Reordered-2,Lobnya-Boolean-Reordered-2.c,UNKNOWN,0,2.554,output/vguide/experiments/termination_scalar_300_vguide/logs/Lobnya-Boolean-Reordered-2.log
Madrid,Madrid.c,UNKNOWN,0,2.208,output/vguide/experiments/termination_scalar_300_vguide/logs/Madrid.log
McCarthy91_Iteration,McCarthy91_Iteration.c,TRUE,0,3.855,output/vguide/experiments/termination_scalar_300_vguide/logs/McCarthy91_Iteration.log
McCarthy91_Recursion,McCarthy91_Recursion.c,UNKNOWN,0,0.545,output/vguide/experiments/termination_scalar_300_vguide/logs/McCarthy91_Recursion.log
MenloPark,MenloPark.c,TRUE,0,1.118,output/vguide/experiments/termination_scalar_300_vguide/logs/MenloPark.log
MutualRecursion_1a,MutualRecursion_1a.c,UNKNOWN,0,0.601,output/vguide/experiments/termination_scalar_300_vguide/logs/MutualRecursion_1a.log
MutualRecursion_1b,MutualRecursion_1b.c,UNKNOWN,0,0.623,output/vguide/experiments/termination_scalar_300_vguide/logs/MutualRecursion_1b.log
Mysore-2,Mysore-2.c,TRUE,0,0.887,output/vguide/experiments/termination_scalar_300_vguide/logs/Mysore-2.log
Mysore-3,Mysore-3.c,FALSE,0,0.700,output/vguide/experiments/termination_scalar_300_vguide/logs/Mysore-3.log
NestedRecursion_1a-2,NestedRecursion_1a-2.c,UNKNOWN,0,0.585,output/vguide/experiments/termination_scalar_300_vguide/logs/NestedRecursion_1a-2.log
NestedRecursion_1b,NestedRecursion_1b.c,UNKNOWN,0,0.573,output/vguide/experiments/termination_scalar_300_vguide/logs/NestedRecursion_1b.log
NestedRecursion_1c,NestedRecursion_1c.c,UNKNOWN,0,0.590,output/vguide/experiments/termination_scalar_300_vguide/logs/NestedRecursion_1c.log
NestedRecursion_1d,NestedRecursion_1d.c,UNKNOWN,0,0.587,output/vguide/experiments/termination_scalar_300_vguide/logs/NestedRecursion_1d.log
NestedRecursion_2b,NestedRecursion_2b.c,UNKNOWN,0,0.591,output/vguide/experiments/termination_scalar_300_vguide/logs/NestedRecursion_2b.log
NestedRecursion_2c,NestedRecursion_2c.c,UNKNOWN,0,0.622,output/vguide/experiments/termination_scalar_300_vguide/logs/NestedRecursion_2c.log
NonTermination3-1,NonTermination3-1.c,UNKNOWN,0,300.000,output/vguide/experiments/termination_scalar_300_vguide/logs/NonTermination3-1.log
NonTermination3-2,NonTermination3-2.c,UNKNOWN,0,300.000,output/vguide/experiments/termination_scalar_300_vguide/logs/NonTermination3-2.log
NonTerminationSimple7,NonTerminationSimple7.c,FALSE,0,0.656,output/vguide/experiments/termination_scalar_300_vguide/logs/NonTerminationSimple7.log
Nyala-2lex-2,Nyala-2lex-2.c,TRUE,0,0.978,output/vguide/experiments/termination_scalar_300_vguide/logs/Nyala-2lex-2.log
Parallel,Parallel.c,TRUE,0,0.937,output/vguide/experiments/termination_scalar_300_vguide/logs/Parallel.log
Piecewise,Piecewise.c,TRUE,0,1.063,output/vguide/experiments/termination_scalar_300_vguide/logs/Piecewise.log
Pure2Phase-1,Pure2Phase-1.c,TRUE,0,1.041,output/vguide/experiments/termination_scalar_300_vguide/logs/Pure2Phase-1.log
Arrays02-EquivalentConstantIndices,Arrays02-EquivalentConstantIndices.c,UNKNOWN,0,115.721,output/vguide/experiments/termination_scalar_300_vguide/logs/Arrays02-EquivalentConstantIndices.log
RecursiveMultiplication-1,RecursiveMultiplication-1.c,UNKNOWN,0,0.626,output/vguide/experiments/termination_scalar_300_vguide/logs/RecursiveMultiplication-1.log
RecursiveNonterminating-1,RecursiveNonterminating-1.c,UNKNOWN,0,0.591,output/vguide/experiments/termination_scalar_300_vguide/logs/RecursiveNonterminating-1.log
Rotation180-1,Rotation180-1.c,FALSE,0,0.673,output/vguide/experiments/termination_scalar_300_vguide/logs/Rotation180-1.log
Singapore-2,Singapore-2.c,TRUE,0,1.235,output/vguide/experiments/termination_scalar_300_vguide/logs/Singapore-2.log
Stockholm-1,Stockholm-1.c,TRUE,0,0.913,output/vguide/experiments/termination_scalar_300_vguide/logs/Stockholm-1.log
SyntaxSupportPointer01-1,SyntaxSupportPointer01-1.c,UNKNOWN,0,0.772,output/vguide/experiments/termination_scalar_300_vguide/logs/SyntaxSupportPointer01-1.log
SyntaxSupportPointer01-2,SyntaxSupportPointer01-2.c,UNKNOWN,0,0.769,output/vguide/experiments/termination_scalar_300_vguide/logs/SyntaxSupportPointer01-2.log
SyntaxSupportPointer01-3,SyntaxSupportPointer01-3.c,UNKNOWN,0,0.823,output/vguide/experiments/termination_scalar_300_vguide/logs/SyntaxSupportPointer01-3.log
TelAviv-Amir-Minimum,TelAviv-Amir-Minimum.c,TRUE,0,1.127,output/vguide/experiments/termination_scalar_300_vguide/logs/TelAviv-Amir-Minimum.log
Thun-2,Thun-2.c,TRUE,0,1.044,output/vguide/experiments/termination_scalar_300_vguide/logs/Thun-2.log
Arrays03-ValueRestictsIndex-2,Arrays03-ValueRestictsIndex-2.c,UNKNOWN,0,296.191,output/vguide/experiments/termination_scalar_300_vguide/logs/Arrays03-ValueRestictsIndex-2.log
Toulouse-MultiBranchesToLoop-2,Toulouse-MultiBranchesToLoop-2.c,TRUE,0,2.352,output/vguide/experiments/termination_scalar_300_vguide/logs/Toulouse-MultiBranchesToLoop-2.log
Waldkirch,Waldkirch.c,TRUE,0,0.930,output/vguide/experiments/termination_scalar_300_vguide/logs/Waldkirch.log
WhileFalse,WhileFalse.c,TRUE,0,0.623,output/vguide/experiments/termination_scalar_300_vguide/logs/WhileFalse.log
WhileTrue,WhileTrue.c,FALSE,0,0.701,output/vguide/experiments/termination_scalar_300_vguide/logs/WhileTrue.log
aaron2-1,aaron2-1.c,TRUE,0,0.941,output/vguide/experiments/termination_scalar_300_vguide/logs/aaron2-1.log
Copenhagen_disj-2,Copenhagen_disj-2.c,UNKNOWN,0,288.069,output/vguide/experiments/termination_scalar_300_vguide/logs/Copenhagen_disj-2.log
easy1,easy1.c,TRUE,0,1.054,output/vguide/experiments/termination_scalar_300_vguide/logs/easy1.log
easy2-2,easy2-2.c,TRUE,0,0.885,output/vguide/experiments/termination_scalar_300_vguide/logs/easy2-2.log
Ackermann01-1,Ackermann01-1.c,UNKNOWN,0,0.617,output/vguide/experiments/termination_scalar_300_vguide/logs/Ackermann01-1.log
Binomial,Binomial.c,UNKNOWN,0,0.611,output/vguide/experiments/termination_scalar_300_vguide/logs/Binomial.log
EvenOdd01-2,EvenOdd01-2.c,UNKNOWN,0,0.620,output/vguide/experiments/termination_scalar_300_vguide/logs/EvenOdd01-2.log
Fibonacci01-2,Fibonacci01-2.c,UNKNOWN,0,0.629,output/vguide/experiments/termination_scalar_300_vguide/logs/Fibonacci01-2.log
LeUserDefRec,LeUserDefRec.c,UNKNOWN,0,0.618,output/vguide/experiments/termination_scalar_300_vguide/logs/LeUserDefRec.log
LogRecursive,LogRecursive.c,UNKNOWN,0,0.611,output/vguide/experiments/termination_scalar_300_vguide/logs/LogRecursive.log
Parts,Parts.c,UNKNOWN,0,0.670,output/vguide/experiments/termination_scalar_300_vguide/logs/Parts.log
LexIndexValue-Array-1,LexIndexValue-Array-1.c,UNKNOWN,0,295.545,output/vguide/experiments/termination_scalar_300_vguide/logs/LexIndexValue-Array-1.log
TerminatorRec02,TerminatorRec02.c,UNKNOWN,0,0.603,output/vguide/experiments/termination_scalar_300_vguide/logs/TerminatorRec02.log
TwoWay,TwoWay.c,UNKNOWN,0,0.611,output/vguide/experiments/termination_scalar_300_vguide/logs/TwoWay.log
gcd01-2,gcd01-2.c,UNKNOWN,0,0.658,output/vguide/experiments/termination_scalar_300_vguide/logs/gcd01-2.log
recHanoi02-1,recHanoi02-1.c,UNKNOWN,0,0.873,output/vguide/experiments/termination_scalar_300_vguide/logs/recHanoi02-1.log
rec_counter1,rec_counter1.c,UNKNOWN,0,0.635,output/vguide/experiments/termination_scalar_300_vguide/logs/rec_counter1.log
rec_counter3,rec_counter3.c,UNKNOWN,0,0.658,output/vguide/experiments/termination_scalar_300_vguide/logs/rec_counter3.log
twisted,twisted.c,TRUE,0,3.512,output/vguide/experiments/termination_scalar_300_vguide/logs/twisted.log
java_LogBuiltIn,java_LogBuiltIn.c,TRUE,0,8.935,output/vguide/experiments/termination_scalar_300_vguide/logs/java_LogBuiltIn.log
LexIndexValue-Pointer-2,LexIndexValue-Pointer-2.c,UNKNOWN,0,290.912,output/vguide/experiments/termination_scalar_300_vguide/logs/LexIndexValue-Pointer-2.log
Pure3Phase-1,Pure3Phase-1.c,UNKNOWN,0,295.585,output/vguide/experiments/termination_scalar_300_vguide/logs/Pure3Phase-1.log
Toulouse-BranchesToLoop-2,Toulouse-BranchesToLoop-2.c,UNKNOWN,0,300.000,output/vguide/experiments/termination_scalar_300_vguide/logs/Toulouse-BranchesToLoop-2.log
aaron3-1,aaron3-1.c,UNKNOWN,0,300.000,output/vguide/experiments/termination_scalar_300_vguide/logs/aaron3-1.log
